,provider_id,provider_name,logo_path
0,8,Netflix,/pbpMk2JmcoNnQwx5JGpXngfoWtp.jpg
1,9,Amazon Prime Video,/dQeAar5H991VYporEjUspolDarG.jpg
2,337,Disney Plus,/7YPdUs60C9qQQQfOFCgxpnF07D9.jpg
3,350,Apple TV Plus,/2E03IAZsX4ZaUqM7tXlctEPMGWS.jpg
4,2,Apple TV,/9ghgSC0MA082EL6HLCW3GalykFD.jpg
5,15,Hulu,/bxBlRPEPpMVDc4jMhSrTf2339DW.jpg
6,283,Crunchyroll,/mXeC4TrcgdU6ltE9bCBCEORwSQR.jpg
7,257,fuboTV,/rugttVJKzDAwVbM99gAV6i3g59Q.jpg
8,384,HBO Max,/b8edpTaLCHFrUnhpGQIZJUpFX7T.jpg
9,1899,Max,/fksCUZ9QDWZMUwL2LgMtLckROUN.jpg
10,1825,Max Amazon Channel,/erfmV26akboHUerxGjpl8pBwww3.jpg
11,583,MGM Plus Amazon Channel,/efu1Cqc63XrPBoreYnf2mn0Nizj.jpg
12,1968,Crunchyroll Amazon Channel,/j7wdfXtHKUpV9CNwnXUa68HImFx.jpg
13,386,Peacock,/2aGrp1xw3qhwCYvNGAJZPdjfeeX.jpg
14,387,Peacock Premium,/drPlq5beqXtBaP7MNs8W616YRhm.jpg
15,464,Kocowa,/hwsU65QW7A4dbMEWkDpgHyCNcfS.jpg
16,10,Amazon Video,/seGSXajazLMCKGB5hnRCidtjay1.jpg
17,3,Google Play Movies,/8z7rC8uIDaTM91X0ZfkRf04ydj2.jpg
18,192,YouTube,/pTnn5JwWr4p3pG8H6VrpiQo7Vs0.jpg
19,531,Paramount Plus,/h5DcR0J2EESLitnhR8xLG1QymTE.jpg
20,1770,Paramount+ with Showtime,/kkUHFtdjasnnOknZN69TbZ2fCTh.jpg
21,1853,Paramount Plus Apple TV Channel ,/tJqmTmQ8jp9WfyaZfApHK8lSywA.jpg
22,1855,Starz Apple TV Channel,/1C5EVCWyQD798CE1DFfcm6oAbxP.jpg
23,1854,AMC Plus Apple TV Channel ,/oTQdXIqM9iewlN4MC2nhKB0gHw.jpg
24,1852,Britbox Apple TV Channel ,/xp12VXTZfunk568CAPs2Xqknimq.jpg
25,582,Paramount+ Amazon Channel,/hExO4PtimLIYn3kBOrzsejNv7cT.jpg
26,584,Discovery+ Amazon Channel,/lgudHqEtTOzkMWlpTjU1oUyoUSZ.jpg
27,528,AMC+ Amazon Channel,/2ino0WmHA4GROB7NYKzT6PGqLcb.jpg
28,269,Funimation Now,/cm4NDOpuuslZq68VHHCPlGoAD2D.jpg
29,207,The Roku Channel,/wQzSN83BnWVgO7xEh0SeTVqtrFv.jpg
30,632,Showtime Roku Premium Channel,/12hpEMyph4xWZP7SKM6aAqmcBnZ.jpg
31,633,Paramount+ Roku Premium Channel,/ywIoxSjoYJGUIbR6BfxUiCHdPi3.jpg
32,634,Starz Roku Premium Channel,/9laPF1MAiUxlqM8T98F3Gj0bhzd.jpg
33,635,AMC+ Roku Premium Channel,/gAGrSQCTAisxy2CsWbijVvJEnRo.jpg
34,203,Showtime Amazon Channel,/palbLJjkRhNAccU32ycThJNcbI5.jpg
35,526,AMC+,/ovmu6uot1XVvsemM2dDySXLiX57.jpg
36,636,MGM Plus Roku Premium Channel,/lD7HKUmXDvUya58DceiTA809Zbf.jpg
37,188,YouTube Premium,/rMb93u1tBeErSYLv79zSTR07UdO.jpg
38,235,YouTube Free,/4tJBhJcuF1ZstI5Yqu82G0yroLa.jpg
39,212,Hoopla,/j7D006Uy3UWwZ6G0xH6BMgIWTzH.jpg
40,83,The CW,/spcwROYevucLluqZZ8Fv75UuTBt.jpg
41,7,Vudu,/nVzxU8EPk0aXqQkBZniVA2kat1I.jpg
42,332,VUDU Free,/6By0jm0Gr2WMOqUeHWhzRWaMdOo.jpg
43,43,Starz,/yIKwylTLP1u8gl84Is7FItpYLGL.jpg
44,37,Showtime,/kOI9M2PeWKFbfQ7m9VvTU0OdIe1.jpg
45,258,Criterion Channel,/yhrtzYd43pFIhRq0ruO8umJPuyn.jpg
46,209,PBS,/iLjStQKQwzyxXJb3jyNpvDmW9mx.jpg
47,177,Pantaflix,/zR3ae8RpBIlmqAWv4lePcXGbrU8.jpg
48,123,FXNow,/m4KUe3UoTnLgN4g6txYMnBqeUI5.jpg
49,73,Tubi TV,/o4JMLTkDfjei1XrsVk1vSjXfdBk.jpg
50,243,Comedy Central,/c2ZJdxr5Ex2MU1nGqyCacjWCqxx.jpg
51,191,Kanopy,/rcBwnERpNfPfWB5DaSTyEMCZbCA.jpg
52,68,Microsoft Store,/5vfrJQgNe9UnHVgVNAwZTy0Jo9o.jpg
53,279,Redbox,/xHwgUa7XzU43Ia6tnrt0zjW1wf9.jpg
54,309,Sun Nxt,/6KEQzITx2RrCAQt5Nw9WrL1OI8z.jpg
55,12,Crackle,/iCHCSuraj6zUKmMYgQhsm8jmoqi.jpg
56,358,DIRECTV,/vg3nIjHVhLXnMKjQkNhQaSlsPub.jpg
57,80,AMC,/92Kx25Od0habmgRBTqT6XWgwgKt.jpg
58,25,Fandor,/45lSM3J7Ts4TXTtDv0EuTPL0eH5.jpg
59,190,Curiosity Stream,/oR1aNm1Qu9jQBkW4VrGPWhqbC3P.jpg
60,34,MGM Plus,/ctiRpS16dlaTXQBSsiFncMrgWmh.jpg
61,211,Freeform,/4cHGd32hhEHmFjDGJcjVEAwFQg0.jpg
62,155,History,/xqZSzhIcq8qaAU13rMhVhzDi4T8.jpg
63,157,Lifetime,/tWq6XvHqPjBW1BZTpf4Nziy8CDD.jpg
64,99,Shudder,/vEtdiYRPRbDCp1Tcn3BEPF1Ni76.jpg
65,87,Acorn TV,/doCc555FPPgGtuaZJxf9QZVpIp5.jpg
66,185,Screambox,/x2w49qSgz7bU3o3rENO9Yc11OmC.jpg
67,143,Sundance Now,/1Edma9SrJnqkQW3BqFd2rJNHZvX.jpg
68,241,Popcornflix,/41gE6Mv0BCfZGNTwPkYIXLVsDMD.jpg
69,100,GuideDoc,/eKVmLFHW5PeNhuR7Nedd8OIxW2M.jpg
70,151,BritBox,/1pDWY6EKtfclVbZTPVWc7WPwy8Q.jpg
71,11,MUBI,/fj9Y8iIMFUC6952HwxbGixTQPb7.jpg
72,175,Netflix Kids,/kwVegvKCinXTPuzZmYT1J3i1HJz.jpg
73,248,Boomerang,/mH5wvu4raXvVdnrOXg367xieZXa.jpg
74,251,Urban Movie Channel,/dgO7LfzsczUIW2h7xS66yla22ne.jpg
75,268,History Vault,/z5jtxEEeJEK1kYDqbyXzfquolC9.jpg
76,218,Eros Now,/ouJUBLjxevh4UaEGV4ZUjsSWdRq.jpg
77,255,Yupp TV,/6msAJGK2yF39S2PGrinWiVCNmJn.jpg
78,260,WWE Network,/7Wo1H7YMmRy7S56sz6HJAMYRdGq.jpg
79,262,Noggin Amazon Channel,/uXFEctwGkorVz163dVSZeZkBEQU.jpg
80,276,Smithsonian Channel,/zUiU5rjc2HGUW1XpXCpZEL8M0MH.jpg
81,275,Laugh Out Loud,/pNNWgwfYenkTfddAO4fqHEIrnXv.jpg
82,278,Pure Flix,/7L4eXQD0yFVDKZ2qwYtxcV5gm6n.jpg
83,293,PBS Kids Amazon Channel,/lIXDKV7LrZfF3SR2m8EQrMVRI5C.jpg
84,284,Lifetime Movie Club,/m4ofXxkTOj04N8df5KJGCIjnWii.jpg
85,288,Boomerang Amazon Channel,/3CPBjF6tQQONCEvqC6KIIkiUG81.jpg
86,289,Cinemax Amazon Channel,/ohcwolMl8E743CkS8MnhmJKOlRj.jpg
87,290,Hallmark Movies Now Amazon Channel,/614YTzAiVrSIm7bIVcwg4lIMQr7.jpg
88,294,PBS Masterpiece Amazon Channel,/xN1vKpcypShJrWmf1t3dyGJM7sO.jpg
89,291,MZ Choice Amazon Channel,/hTAIgvUnmu1Yv0wFVJRu9KKAPtJ.jpg
90,295,Viewster Amazon Channel,/769jLV69ZSa0x4sy9BZZQbizvuk.jpg
91,521,Spamflix,/k2YgZyxij5RcnS1qqUYEUrJB4oQ.jpg
92,300,Pluto TV,/dB8G41Q6tSL5NBisrIeqByfepBc.jpg
93,430,HiDive,/iCV9oPBeoLDC5okFRZEgQkx7je0.jpg
94,457,VIX ,/jwRPknT20dfU1GeVqbcDXFyvtdG.jpg
95,454,Topic,/peZq5Zo0ZO0RyZsSQGLrWEaVNhr.jpg
96,455,Night Flight Plus,/zOWoxUMmGW0OfDFAQsCosho2PZz.jpg
97,446,Retrocrush,/5zUnCq0pvixEtQafzOBBWqxNRvX.jpg
98,445,Classix,/uFjAjvrKMII0H766QzyHDNkZdKX.jpg
99,444,Dekkoo,/x6nRFzF32hCzMHaVM4RHRo7lsgS.jpg
100,439,Shout! Factory TV,/y9jFndski0fRO4MHh3yg5PIL9ZI.jpg
101,433,OVID,/jxavsObOHN6UqlbuZQ1UpVRVv6X.jpg
102,438,Chai Flicks,/qesugDq8sUCixmOOsqDM1xAnBYz.jpg
103,204,Shudder Amazon Channel,/qb6Lj5BhNJavdmRVDzAqAjd4Tj3.jpg
104,201,MUBI Amazon Channel,/a4IDLKjvP5gvq7tNlg2Xw5YyEkI.jpg
105,197,BritBox Amazon Channel,/tLBLABfFYYETf9Zk8gKEWnjhMai.jpg
106,196,AcornTV Amazon Channel,/1wYmvbAuVZz2JnKvYfYN8Qolnb.jpg
107,199,Fandor Amazon Channel,/3eVIcUeRXji5SBV7gEv4f5U4CqV.jpg
108,202,Screambox Amazon Channel,/vmXC3D9Kqtt9TEohDEmcaxnLYA5.jpg
109,322,USA Network,/A95qgiMz6ulV2SxeKcJ5Gc9pqGS.jpg
110,331,FlixFling,/yFGu4sSzwUMfhwmSsZgez8QhaVl.jpg
111,343,Bet+ Amazon Channel,/2AvUqoIHAq2lLxRy2IxOBUgCYef.jpg
112,344,Rakuten Viki,/5L2bwr9DhUg28oSMEPRCNwB2y7B.jpg
113,352,AMC on Demand,/1g3ULbVMEW8OVKOJymLvfboCrMv.jpg
114,361,TCM,/8SIxng8eznACvCTRsN1FZfd5Ycg.jpg
115,363,TNT,/76CvnJAKAPbJuiXYwQGN7PFqOci.jpg
116,355,Darkmatter TV,/pmHszqqm55p228vRgFeujRiPdYU.jpg
117,397,BBC America,/jfXLhMzHHmBYrtE9ZaW7as2RA98.jpg
118,368,IndieFlix,/mjsNfr0lswbRx9hbEFkgqJkBjFt.jpg
119,417,Here TV,/kiNWL1wGBg3z2FBXJcd8R8MaZrV.jpg
120,432,Flix Premiere,/wCKOLlsilq4I0Iv1NSJTToPEQAo.jpg
121,506,TBS,/cZvP3XsDKlHFhNIyHYCVPStXT5l.jpg
122,514,AsianCrush,/jCgWMxqGaq0h0VOxyJPfQdTqmii.jpg
123,471,FILMRISE,/iS5NCgmSqTnkNoTQY8nBvSZsEnF.jpg
124,473,Revry,/llQ8zV50Wqh4gYCYfr52R1b9gfD.jpg
125,475,DOCSVILLE,/5zqbck5mo8PuVbGu2ngBUdn5Yga.jpg
126,486,Spectrum On Demand,/aAb9CUHjFe9Y3O57qnrJH0KOF1B.jpg
127,503,Hi-YAH,/pPoqVHcko7XoCRrPus4boDW90uM.jpg
128,507,tru TV,/mMJ6AQUpHDsD5s2Q2dnbpX1NFwp.jpg
129,508,DisneyNOW,/d8HzRaIa5aGE5mJB1SsIA9hODdx.jpg
130,529,ARROW,/wAuMUrRTVaJ2CZ4ZpyQbayZx0iU.jpg
131,538,Plex,/vLZKlXUNDcZR7ilvfY9Wr9k80FZ.jpg
132,1945,Plex Player,/ez70jk7n53zrBLI5eOhtUzrVRet.jpg
133,546,WOW Presents Plus,/6dET59jNU0ADysghEjl8Unuc7Ca.jpg
134,551,Magellan TV,/mSH24WQcRDJ2fsL5iucXqqRnSRb.jpg
135,554,BroadwayHD,/6IYZ4NjwPikxN7J9cfSmuyeHeMm.jpg
136,559,Filmzie,/eUBxtrqO26wAJfYOZJOzhQEo3mm.jpg
137,562,MovieSaints,/9vMVMnVnWwxt0TkCazKLYW1zuqY.jpg
138,536,Dogwoof On Demand,/7m26fd7Lqw8l779ZRMHHADAcslm.jpg
139,567,True Story,/aRPDQvVcpeY07sjI6lAALMCL0ti.jpg
140,569,DocAlliance Films,/vbXJBJVv3u3YWt6ml0l0ldDblXT.jpg
141,575,KoreaOnDemand,/273ohemep46c1r93V1rHOG7hraZ.jpg
142,315,Hoichoi,/u7dwMceEbjxd1N3TLEUBILSK2x6.jpg
143,581,iQIYI,/fi3a86qRzJ4xwO2bFCCmfOhllFc.jpg
144,585,Metrograph,/q4WTdA5wH3TXDFiYKejCCwSOyJ8.jpg
145,613,Freevee,/4VOCKZGiAtXMtoDyOrvHAN33uc2.jpg
146,638,Public Domain Movies,/aN0Y2BNZQBH91JkVOeLTs8IhQrH.jpg
147,640,Kino Now,/Al4bo8C7muDl8TLsE8u25xPUDy2.jpg
148,677,Eventive,/fwx5Ed64TkfWiRH1SOSkc4781Ts.jpg
149,692,Cultpix,/uauVx3dGWt0GICqdMCBYJObd3Mo.jpg
150,532,aha,/8WerMI8XcZXqPpkHTZNtzMzousF.jpg
151,701,FilmBox+,/fbveJTcro9Xw2KuPIIoPPePHiwy.jpg
152,688,ShortsTV Amazon Channel,/2nFBw1zMzN1AujFaCsmsgSKWdfS.jpg
153,1759,Bet+,/biHGb84xAzYrNkdvX5XWQTmgzC8.jpg
154,1771,Takflix,/ed0vz5bryWIhQB5sHiuGvHKnHHn.jpg
155,1793,Klassiki,/rFQs3pau1TkSUY489iJloxNs3A3.jpg
156,1794,Starz Amazon Channel,/esiLBRzDUwodjfN8gA4qj7l3ZF7.jpg
157,1796,Netflix basic with Ads,/kICQccvOh8AIBMHGkBXJ047xeHN.jpg
158,1811,Cohen Media Amazon Channel,/QAtDmj6XHlkPvw5xAjF08ZQARh.jpg
159,1832,Popflick,/f5yNbaK23OSWV5IocAj8FZwIOQj.jpg
160,76,Viaplay,/bnoTnLzz2MAhK3Yc6P9KXe5drIz.jpg
161,1875,Runtime,/oJRCAz1WKkKM9Ge7mX5KFnegTNY.jpg
162,1948,Reveel,/en3dbHAWzDpvDhsI0G8LphUhpBr.jpg
163,1956,Angel Studios,/znTpq1dy5TYxm1QLoxORzuOuwYq.jpg
164,1957,Cineverse,/jpEV1w3CnrpDQ1vRvGQIZF1S6vA.jpg
165,1958,AD tv,/mK8nfCXfwoAa6cAkHUSKCkLEIKK.jpg
166,1960,Midnight Pulp,/8s4adSGz4UmVOP5uegNkoikSFLV.jpg
167,1963,Xumo Play,/xfKqqWYYIyvjECOFOaYtJdD7gl3.jpg
168,1964,National Geographic,/nlOrX8YVYjxFkEpfvJHayNg9UAB.jpg
169,1715,Shahid VIP,/7qZED0kLBtiV8mLRNBtW4PQCAqW.jpg
170,1971,DistroTV,/6gdKp9OwHgDLloethSPxZbtovkl.jpg
171,1972,myfilmfriend,/mWAOUnJY6hnQghUZpjuDB815efG.jpg
172,1976,Outside Watch,/jLD5zHgsAhSWBRTnMUOLaXrUuVI.jpg
173,597,Full Moon Amazon Channel,/xIu1EW7y2EC7RD3Wqe0Ogi5NAuo.jpg
174,1860,Univer Video,/44E23wCM3WLsvAVRyk6fye76cZb.jpg
175,1990,GlewedTV,/pr64iEnZZ3qjsUqWS39R5JC97CX.jpg
176,2032,Noggin Apple TV Channel,/zu0bo6dHlgBsfd1nk0zz6TBoB3W.jpg
177,2033,A&E Crime Central Apple TV Channel,/a0vfnBfWPAF6OtKZCzlyiW9A9l6.jpg
178,2034,Acorn TV Apple TV,/kx8rGgFYxX6aJkG7RHx2mtijglC.jpg
179,2036,ALLBLK Apple TV channel,/voNwdFHk9uc2ZEWKZlwSQDsfRJN.jpg
180,2045,UP Faith & Family Apple TV Channel,/92iY4soQNVzNM02mHGjqovPdzdF.jpg
181,2046,Topic Apple TV Channel,/kjHUSd4AVuz9duG3xulGJLsYw4E.jpg
182,2049,Shudder Apple TV Channel,/kLfq0I2MwiUFUY9yI1GwOeKxX8f.jpg
183,675,Showtime Apple TV Channel,/cm1tVzivRWvZjcRSe5dwNqtw26E.jpg
184,2050,ScreenPix Apple TV Channel,/96HJkA4nMkcOtiqH9oF1YYtGBHK.jpg
185,2044,OUTtv Apple TV Channel,/1SuB6tXdKaW4qDRDiqm9C1nr1mD.jpg
186,2055,Lifetime Movie Club Apple TV Channel,/cpSQ9P0ntzr1gZcxHIyaryihpgH.jpg
187,2058,Hallmark Movies Now Apple TV Channel,/ce9sTSF5WsvqEHv7kxOM1LlQha5.jpg
188,2059,Eros Now Select Apple TV Channel,/cqgeSQHqKEkfcmsiy7GoCnf1Q2I.jpg
189,2060,CuriosityStream Apple TV Channel,/z9x1xFFKjHTYlLYWtiPhAjN4jOp.jpg
190,2061,Cinemax Apple TV Channel,/zXCdY4pczONheFCU9GkrMbGI1o5.jpg
191,2040,BET+  Apple TV channel,/yFk3WffvGGUtIjJBSV0pgsciaEB.jpg
192,2042,Carnegie Hall+ Apple TV Channel,/dDHyeNrfnloy6skW0j6oIUXFa3Z.jpg
193,2056,IFC Films Unlimited Apple TV Channel,/tPvmybuDUn84aDps72GiMbvr2xU.jpg
194,2057,HISTORY Vault Apple TV Channel,/fsert5S2L3CWSFyaAODiWPOScmz.jpg
195,2073,HISTORY Vault Amazon Channel,/fr8lHD0EAYU01UIhg6u8kJrk7jQ.jpg
196,2071,Carnegie Hall+ Amazon Channel,/xT5I4zZ2XTLhOVA5ooQIsqjSC3R.jpg
197,2078,Troma NOW,/2CYF8CNs5WK3sB69K0AlmwUxrzv.jpg
198,2089,Lifetime Movie Club Amazon Channel,/bKWKqZYT3wrpq1Lyi2qSmx1qlqh.jpg
199,579,Film Movement Plus,/8cjvUhc1ga7ySEdAFM7Ok9G6HOr.jpg
